Count,AudioName,Class ID
0,Data Num 0 ClassID 0.wav, 0
1,Data Num 1 ClassID 0.wav, 0
2,Data Num 2 ClassID 0.wav, 0
3,Data Num 3 ClassID 0.wav, 0
4,Data Num 4 ClassID 0.wav, 0
5,Data Num 5 ClassID 0.wav, 0
6,Data Num 6 ClassID 0.wav, 0
7,Data Num 7 ClassID 0.wav, 0
8,Data Num 8 ClassID 0.wav, 0
9,Data Num 9 ClassID 0.wav, 0
10,Data Num 10 ClassID 0.wav, 0
11,Data Num 11 ClassID 0.wav, 0
12,Data Num 12 ClassID 0.wav, 0
13,Data Num 13 ClassID 0.wav, 0
14,Data Num 14 ClassID 0.wav, 0
15,Data Num 15 ClassID 0.wav, 0
16,Data Num 16 ClassID 0.wav, 0
17,Data Num 17 ClassID 0.wav, 0
18,Data Num 18 ClassID 0.wav, 0
19,Data Num 19 ClassID 0.wav, 0
20,Data Num 20 ClassID 0.wav, 0
21,Data Num 21 ClassID 0.wav, 0
22,Data Num 22 ClassID 0.wav, 0
23,Data Num 23 ClassID 0.wav, 0
24,Data Num 24 ClassID 0.wav, 0
25,Data Num 25 ClassID 0.wav, 0
26,Data Num 26 ClassID 0.wav, 0
27,Data Num 27 ClassID 0.wav, 0
28,Data Num 28 ClassID 0.wav, 0
29,Data Num 29 ClassID 0.wav, 0
30,Data Num 30 ClassID 0.wav, 0
31,Data Num 31 ClassID 0.wav, 0
32,Data Num 32 ClassID 0.wav, 0
33,Data Num 33 ClassID 0.wav, 0
34,Data Num 34 ClassID 0.wav, 0
35,Data Num 35 ClassID 0.wav, 0
36,Data Num 36 ClassID 0.wav, 0
37,Data Num 37 ClassID 0.wav, 0
